{"wlE_final": 433.3770855275725, "C_final": 3449.648473861285, "M_final": 257.5268279648302}